tool,cat,compte
MS Word,wysiwyg bureautique,8220.38690476092
Google Drive/Docs,wysiwyg bureautique,2334.9449855699622
LaTeX,tex,1409.391666666673
inconnu,autre,178.86785714285722
Scrivener,wysiwyg bureautique,173.64895382395358
Overleaf (=WriteLaTeX),tex,115.8672077922081
LibreOffice,wysiwyg bureautique,91.24444444444461
Pages,wysiwyg bureautique,79.18019480519492
Dropbox,wysiwyg bureautique,74.24390331890339
OpenOffice,wysiwyg bureautique,74.23495670995686
Authorea,wysiwyg bureautique,52.38279220779231
EndNote,autre,28.339682539682503
Scalar,autre,25.74606782106781
MS Powerpoint,autre,25.598015873015854
Evernote,autre,24.35079365079365
LibreOffice Writer,wysiwyg bureautique,19.903030303030295
MS Excel,wysiwyg bureautique,18.68690476190475
LyX,tex,16.446428571428573
ShareLaTeX,tex,15.514285714285709
WordPerfect,wysiwyg bureautique,15.141666666666671
Markdown,,14.876623376623373
Adobe InDesign,logiciel d'infographie,13.751443001443008
Adobe Illustrator,logiciel d'infographie,10.419047619047616
Zotero,autre,10.169444444444444
Adobe Photoshop,logiciel d'infographie,9.86493506493507
MS OneNote,wysiwyg bureautique,9.613888888888884
RMarkdown,,9.278571428571428
by hand,autre,8.454761904761908
OpenOffice Writer,wysiwyg bureautique,8.011904761904766
Pandoc,autre,7.062698412698414
Citavi,autre,6.683333333333333
MS OneDrive,wysiwyg bureautique,6.647222222222222
Ulysses,balisage léger,5.966666666666666
Emacs,texte brut,5.690909090909093
Box,wysiwyg bureautique,5.3345238095238106
text editor,texte brut,5.32857142857143
OrgMode (Emacs),texte brut,4.776190476190476
GitHub,balisage léger,4.473412698412701
Etherpad,texte brut,4.295634920634922
GraphPad PRISM,logiciel d'infographie,4.226190476190478
Papers (papersapp.com),wysiwyg bureautique,4.06904761904762
Adobe Acrobat,autre,3.9696969696969697
Mendeley,autre,3.8333333333333344
Mellel,autre,3.824603174603175
RefWorks,autre,3.628571428571429
pdf,autre,3.571428571428571
RStudio,autre,3.557142857142857
Reference Manager,autre,3.4666666666666677
graphics software,autre,3.366666666666667
Scientific Workplace,autre,3.233333333333334
Sublime Text Editor,texte brut,3.219047619047619
CorelDraw,logiciel d'infographie,3.1357142857142857
TextEdit,texte brut,3.016666666666667
iA Writer,texte brut,2.9845238095238096
Manuscripts (manuscripts.app),wysiwyg bureautique,2.95
ChemDraw,autre,2.9166666666666665
knitr,autre,2.8666666666666663
Notepad,texte brut,2.8583333333333334
Vim,texte brut,2.770634920634921
Git,autre,2.7583333333333333
Notepad++,texte brut,2.7266233766233765
Adobe,autre,2.6166666666666663
InkScape,logiciel d'infographie,2.574242424242424
GIMP,logiciel d'infographie,2.5428571428571427
wiki,balisage léger,2.4928571428571424
Atom,texte brut,2.4119047619047618
Gramarly,texte brut,2.333333333333333
RevMan (Review Manager),autre,2.1666666666666665
WPS,autre,2.1166666666666667
Mathematica,autre,1.916666666666667
Nisus Writer,autre,1.861904761904762
Adobe Acrobat Pro,autre,1.8519841269841266
MathType,autre,1.8333333333333333
Adobe Creative Suite,logiciel d'infographie,1.7666666666666664
R,autre,1.75
Wordpress,éditeur de site web,1.717099567099567
Origin,autre,1.7
MS Sharepoint,wysiwyg bureautique,1.6999999999999997
Scribus,logiciel d'infographie,1.6666666666666667
Byword,autre,1.4000000000000001
Docear,autre,1.4
Manuscript,autre,1.4
Texmaker,tex,1.3583333333333334
MS Word Online,wysiwyg bureautique,1.3499999999999999
Tinderbox,autre,1.25
Dragon,autre,1.25
iWork,autre,1.2261904761904763
Paper,autre,1.2166666666666668
TextWrangler,texte brut,1.193290043290043
Adobe Reader,autre,1.1666666666666665
ownCloud,wysiwyg bureautique,1.1666666666666665
Nota Bene,autre,1.1666666666666665
MS Paint,logiciel d'infographie,1.165909090909091
HTML editor,éditeur de site web,1.1409090909090909
MathCAD,autre,1.1166666666666667
Numbers,autre,1.1166666666666665
TeX,tex,1.0833333333333333
mobile note app,autre,1.0833333333333333
Sibelius,autre,1.0333333333333332
OCT,autre,1.027777777777778
SigmaPlot,autre,1.0095238095238095
Scientific Word,wysiwyg bureautique,1
oXygen XML editor,tei/xml,0.9833333333333334
MediaWiki,balisage léger,0.95
NVIVO,autre,0.9
JabRef,autre,0.9
Mou,balisage léger,0.857142857142857
Mindmanager,autre,0.8500000000000001
TeXStudio,tex,0.8500000000000001
Papyrus,autre,0.8333333333333333
MS Office,wysiwyg bureautique,0.8333333333333333
Vi,texte brut,0.8095238095238095
BBEdit,autre,0.7928571428571429
Wordpad,texte brut,0.7888888888888889
MS Outlook,autre,0.7833333333333333
iCloud,autre,0.7833333333333332
Writer,wysiwyg bureautique,0.7833333333333332
personal solution,autre,0.7777777777777777
Keynote,autre,0.7666666666666666
QuarkXPress,logiciel d'infographie,0.7619047619047619
PDF creator,autre,0.75
Corel,logiciel d'infographie,0.75
RefWorks Flow,autre,0.7142857142857142
Kile,autre,0.7083333333333333
SVN (Subversion),autre,0.7
XMind,autre,0.7
SPSS,autre,0.6666666666666666
HWP (Hangul / HanWord),autre,0.6666666666666666
xfig,logiciel d'infographie,0.6666666666666666
peers / colleagues,autre,0.6666666666666666
Typewriter,autre,0.6666666666666666
texmacs,texte brut,0.6666666666666666
BibTeX,tex,0.6666666666666666
TeXshop,tex,0.6666666666666666
text files,texte brut,0.65
Sweave,autre,0.65
Note,texte brut,0.65
Quip,autre,0.65
Atlas TI,autre,0.65
Seafile,autre,0.625
email,wysiwyg bureautique,0.611111111111111
Mindmap,autre,0.6000000000000001
MultiMarkdown Composer,balisage léger,0.6000000000000001
FreeMind,autre,0.6000000000000001
blog,éditeur de site web,0.6
app,autre,0.5833333333333333
FrameMaker,autre,0.5833333333333333
AutoCAD,autre,0.5833333333333333
CVS (Concurrent Versions System),autre,0.5833333333333333
MS Access,autre,0.5833333333333333
Scapple,autre,0.575
version management,autre,0.5714285714285714
cloud,autre,0.5555555555555556
Cloudstor / Cloudstor+,autre,0.5333333333333333
Bitbucket,autre,0.5333333333333333
ChemBioDraw,autre,0.5333333333333333
MS Publisher,wysiwyg bureautique,0.5333333333333333
ACM (Association for Computing Machinery) author profile page,autre,0.5
CyberLeninka,autre,0.5
ChemOffice,autre,0.5
ChemWorx,autre,0.5
Editorial (app),autre,0.5
Prezi,autre,0.5
MS Win Notepad,wysiwyg bureautique,0.5
Scientist,autre,0.5
APA (American Psychological Association),autre,0.5
Adobe Creative Cloud,logiciel d'infographie,0.5
notebook,autre,0.5
cms,autre,0.5
EndNoteWeb,autre,0.5
OpenDoc,wysiwyg bureautique,0.5
MathCast,autre,0.5
research monographs,autre,0.5
CINDEX,wysiwyg bureautique,0.5
Leo,éditeur de site web,0.5
journal articles and textbooks,autre,0.5
Hidemaru,autre,0.5
Wikiversity,autre,0.5
Softmaker Office,wysiwyg bureautique,0.5
Typewriter online,autre,0.5
open source office products,wysiwyg bureautique,0.5
MS Office Online,autre,0.45
Notes,autre,0.45
AUCTeX,autre,0.45
WinEdit,autre,0.45
institutional server,autre,0.45
Dropbox Paper,wysiwyg bureautique,0.45
OWL (Purdue),autre,0.4444444444444444
APA (American Psychological Association) manual,autre,0.4444444444444444
FocusWriter,texte brut,0.41666666666666663
publisher,autre,0.41666666666666663
DevonThink,autre,0.41666666666666663
RagTime,autre,0.4
MEPS eidtor,autre,0.4
ReST,autre,0.4
Basecamp,autre,0.4
Open Document Writer,wysiwyg bureautique,0.4
MacDown,balisage léger,0.4
ChemSketch,autre,0.4
Circus Ponies Notebook,autre,0.39285714285714285
IrfanView,autre,0.3666666666666667
Dokuwiki,balisage léger,0.34285714285714286
Visio,autre,0.34285714285714286
MS Office 365,wysiwyg bureautique,0.3333333333333333
Collective Knowledge,autre,0.3333333333333333
Grapher,autre,0.3333333333333333
WriteMonkey,balisage léger,0.3333333333333333
MS Visio,logiciel d'infographie,0.3333333333333333
journal submission system,autre,0.3333333333333333
Ginko (app),balisage léger,0.3333333333333333
Scribd,autre,0.3333333333333333
table editors,autre,0.3333333333333333
DocBook,balisage léger,0.3333333333333333
graph editors,autre,0.3333333333333333
Writer's Diet,autre,0.3333333333333333
Lotus Word Pro,wysiwyg bureautique,0.3333333333333333
Power point image conversion format,autre,0.3333333333333333
ArcGIS,autre,0.3333333333333333
local tools,autre,0.3333333333333333
Finale (notation software),autre,0.3333333333333333
OfficeSuite Pro,wysiwyg bureautique,0.3333333333333333
Telekom Mediencenter,autre,0.3333333333333333
OoWriter,wysiwyg bureautique,0.3333333333333333
institutional solution,autre,0.3333333333333333
F1000 Workbench,autre,0.3333333333333333
Blender,autre,0.3333333333333333
neooffice,autre,0.3333333333333333
Asciidoc,balisage léger,0.3333333333333333
Leafpad,texte brut,0.3333333333333333
gVim,texte brut,0.3333333333333333
publishers' online workflow apps,autre,0.3333333333333333
PhotoImpact,logiciel d'infographie,0.3333333333333333
nedit,texte brut,0.3333333333333333
Marked2,balisage léger,0.3333333333333333
iBooks,autre,0.3333333333333333
Write,autre,0.3333333333333333
Lilypond,autre,0.3333333333333333
Typora,autre,0.3333333333333333
Ashampoo Office,autre,0.3333333333333333
Zimwiki,balisage léger,0.3333333333333333
Zettelkasten,autre,0.3333333333333333
DocOnce,balisage léger,0.3333333333333333
Q10,texte brut,0.3333333333333333
restructured text for technical documentation,balisage léger,0.3333333333333333
San FranciscoEdit,autre,0.3333333333333333
SimpleMind,autre,0.3333333333333333
Rake,autre,0.3333333333333333
word processing,texte brut,0.3333333333333333
TexnicCenter,tex,0.325
Moo,balisage léger,0.2857142857142857
OpenCloud,autre,0.2857142857142857
Notational Velocity,autre,0.2857142857142857
literature management program,autre,0.25
750words.com,autre,0.25
Mindjet,autre,0.25
Preview,autre,0.25
Yandex Docuements,autre,0.25
Photos,autre,0.25
SDL,autre,0.25
nvALT,balisage léger,0.25
Finding (app),autre,0.25
Xodo Docs,autre,0.25
EasyBib,autre,0.25
BRAHMS,autre,0.25
Everwrite,autre,0.25
TIMEVIEWER,autre,0.25
Open Words,autre,0.25
Peerla,autre,0.25
Overleaf,tex,0.25
cloud storage,autre,0.25
iPad apps,autre,0.25
Beamer,autre,0.25
ProCite,autre,0.25
Python,autre,0.25
dbook,autre,0.25
Igor,autre,0.25
Android applications,autre,0.25
institutional shared drive,autre,0.25
OnlyOffice,autre,0.25
StackEdit,balisage léger,0.25
Lynx,autre,0.25
Shapes,autre,0.25
Google Scholar,autre,0.25
Redmine Wiki,balisage léger,0.25
Cite this for me,autre,0.25
Jupyter Notebook,balisage léger,0.25
eduPad,texte brut,0.25
iNotebook,autre,0.25
RTF editor,texte brut,0.25
Workflowy,autre,0.25
IDL,autre,0.25
Ginger Translate,texte brut,0.25
1C,autre,0.25
Sente,autre,0.25
SourceTree,autre,0.25
Calc,autre,0.25
institutional collaboration environment,autre,0.25
Beaker,éditeur de site web,0.2222222222222222
SurfDrive,autre,0.2222222222222222
publishers' production platforms,autre,0.2222222222222222
Adobe Dreamweaver,éditeur de site web,0.2222222222222222
manuals/guidelines,autre,0.2
Text Encoding Initiative,tei/xml,0.2
PagePlus,wysiwyg bureautique,0.14285714285714285
undefined,,NaN
word to pdf converters (and vice versa),wysiwyg bureautique,0.2
Aquamacs,texte brut,0.2
online platforms to store and share large files,autre,0.2
Works,wysiwyg bureautique,0.2
Penflip,autre,0.2
carnet,autre,0.2
mi,autre,0.2
MS SkyDrive,autre,0.2
mapping software,autre,0.2
Kate,autre,0.2
MindMaple,autre,0.2
Confluence wiki,balisage léger,0.2
Sakura Editor,texte brut,0.2
literature management programs,autre,0.2
monographs and articles,autre,0.2
TexLipse,tex,0.2
Scholarly Markdown,balisage léger,0.2
SciDavis,autre,0.2
Antidote,wysiwyg bureautique,0.2
institutional cloud server,autre,0.2
Madoko,balisage léger,0.2
Snipping Tool,autre,0.2
Linked Research,autre,0.2
Google Keep,texte brut,0.2
Matlab,autre,0.2
memo pad,texte brut,0.2
Google Translate,autre,0.2
Scriptdoc,balisage léger,0.2
ImageJ,autre,0.2
Writer Pro,texte brut,0.2
Statistica,autre,0.2
Eclipse,texte brut,0.2
text,texte brut,0.2
ArcView,autre,0.2
MDL ISIS Draw,autre,0.2
PyMOL,autre,0.2
Medium,wysiwyg bureautique,0.2
Bibdesk,autre,0.2
Scratchpad,texte brut,0.2
Textilus,wysiwyg bureautique,0.2
PiratePad,texte brut,0.2
Omni Outliner,autre,0.2
abiword,autre,0.2
copy,autre,0.2
MathMagic,autre,0.2
pLabel,autre,0.2
Ilias,autre,0.16666666666666666
GIS,autre,0.16666666666666666
CRITICAL,autre,0.16666666666666666
MS Note,wysiwyg bureautique,0.16666666666666666
MINEQL+,autre,0.16666666666666666
scan,autre,0.16666666666666666
Javascript,autre,0.16666666666666666
institutional list of publications,autre,0.16666666666666666
Perl,autre,0.16666666666666666
Perforce,autre,0.16666666666666666
Alternote,tex,0.16666666666666666
iBooks Author,logiciel d'infographie,0.16666666666666666
MS Picture,logiciel d'infographie,0.16666666666666666
computer,autre,0.16666666666666666
php,autre,0.16666666666666666
yWriter,wysiwyg bureautique,0.16666666666666666
GitLab,autre,0.16666666666666666
Letterspace,autre,0.16666666666666666
Indian lists of recent publications,autre,0.16666666666666666
Mind Genius,autre,0.14285714285714285
TextMate,texte brut,0.14285714285714285
MediaWikiMarkdown,,0.14285714285714285
Linux,autre,0.14285714285714285
Deckset,autre,0.14285714285714285
GraphPad,logiciel d'infographie,0.14285714285714285
ABBYY FineReader,autre,0.125
PDF Pro,autre,0.125
Google,autre,0.1111111111111111
DuckDuckGo,autre,0.1111111111111111
MedeA,autre,0.1
PowerCell,autre,0.1
iPhoto,autre,0.1
Google Earth,autre,0.1
Mercury,autre,0.1
Topas,autre,0.1
Pinta,logiciel d'infographie,0.09090909090909091
Omeka,autre,0.09090909090909091
online translator,texte brut,0.08333333333333333
DOI (Digital Object Identifier),autre,0.08333333333333333
Windows,autre,0.08333333333333333
Web of Science,autre,0.08333333333333333
Elsevier Webshop Illustration Service,logiciel d'infographie,0.08333333333333333
Elsevier Webshop Language Editing,logiciel d'infographie,0.08333333333333333
publisher website,autre,0.08333333333333333